,Cd79a,Cx3cr1,Il10,Il10ra,Dataset
0,226485.4131,917422.5663,113822.8706,691945.0005999999,Naive
1,1280860.8780999999,4366854.568,2472268.5516,2355056.5382,Infected
