,Cd79a,Cx3cr1,Il10,Il10ra,Dataset
0,35195.5129,263126.31899999996,13816.831299999998,222053.6936,Naive
1,403873.28890000004,1603114.2037,618510.1722,1368576.8097,Infected
