,Cd79a,Cx3cr1,Il10,Il10ra,Dataset
0,33563.0431,34380.306599999996,30391.1563,17825.581399999995,Naive
1,642613.159,317696.9753,725072.5828,276781.96499999997,Infected
